0,Ryu,17.08,10-2016,SF1,Street Fighter
1,Ken,10.187,10-2016,SF1,Street Fighter
2,Urien,7.918,10-2016,SF3GI,Street Fighter III
3,Nash,5.765,10-2016,SFA,Street Fighter Alpha
4,Cammy,5.244,10-2016,SF2NC,Street Fighter II
5,Karin,4.523,10-2016,SFA3,Street Fighter Alpha
6,Necalli,3.985,10-2016,SF5,Street Fighter V
7,Laura,3.873,10-2016,SF5,Street Fighter V
8,Chun-Li,3.747,10-2016,SF2,Street Fighter II
9,Guile,3.704,10-2016,SF2,Street Fighter II
10,Alex,3.628,10-2016,SF3,Street Fighter III
11,R. Mika,3.606,10-2016,SFA3,Street Fighter Alpha
12,Zangief,3.517,10-2016,SF2,Street Fighter II
13,Juri,3.43,10-2016,SSF4,Street Fighter IV
14,Dictator,3.307,10-2016,SF2,Street Fighter II
15,Boxer,3.09,10-2016,SF2,Street Fighter II
16,Ibuki,3.089,10-2016,SF3,Street Fighter III
17,Claw,2.631,10-2016,SF2,Street Fighter II
18,Birdie,2.531,10-2016,SF1,Street Fighter
19,Rashid,2.451,10-2016,SF5,Street Fighter V
20,Dhalsim,1.426,10-2016,SF2,Street Fighter II
21,F.A.N.G.,1.255,10-2016,SF5,Street Fighter V
22,Ryu,17.839,11-2016,SF1,Street Fighter
23,Ken,10.052,11-2016,SF1,Street Fighter
24,Nash,5.826,11-2016,SFA,Street Fighter Alpha
25,Urien,5.766,11-2016,SF3GI,Street Fighter III
26,Cammy,5.177,11-2016,SF2NC,Street Fighter II
27,Karin,4.705,11-2016,SFA3,Street Fighter Alpha
28,Guile,4.579,11-2016,SF2,Street Fighter II
29,Necalli,4.075,11-2016,SF5,Street Fighter V
30,Zangief,3.742,11-2016,SF2,Street Fighter II
31,Laura,3.739,11-2016,SF5,Street Fighter V
32,R. Mika,3.673,11-2016,SFA3,Street Fighter Alpha
33,Chun-Li,3.667,11-2016,SF2,Street Fighter II
34,Alex,3.593,11-2016,SF3,Street Fighter III
35,Dictator,3.48,11-2016,SF2,Street Fighter II
36,Juri,3.136,11-2016,SSF4,Street Fighter IV
37,Boxer,3.095,11-2016,SF2,Street Fighter II
38,Ibuki,2.907,11-2016,SF3,Street Fighter III
39,Rashid,2.799,11-2016,SF5,Street Fighter V
40,Claw,2.769,11-2016,SF2,Street Fighter II
41,Birdie,2.674,11-2016,SF1,Street Fighter
42,Dhalsim,1.469,11-2016,SF2,Street Fighter II
43,F.A.N.G.,1.236,11-2016,SF5,Street Fighter V
44,Ryu,13.614,12-2016,SF1,Street Fighter
45,Akuma,13.464,12-2016,SF2T,Street Fighter II
46,Ken,8.183,12-2016,SF1,Street Fighter
47,Urien,4.631,12-2016,SF3GI,Street Fighter III
48,Cammy,4.539,12-2016,SF2NC,Street Fighter II
49,Karin,4.312,12-2016,SFA3,Street Fighter Alpha
50,Nash,4.148,12-2016,SFA,Street Fighter Alpha
51,Zangief,4.112,12-2016,SF2,Street Fighter II
52,Laura,4.111,12-2016,SF5,Street Fighter V
53,Guile,4.003,12-2016,SF2,Street Fighter II
54,Dictator,3.681,12-2016,SF2,Street Fighter II
55,Juri,3.467,12-2016,SSF4,Street Fighter IV
56,Alex,3.311,12-2016,SF3,Street Fighter III
57,Boxer,3.213,12-2016,SF2,Street Fighter II
58,Ibuki,2.941,12-2016,SF3,Street Fighter III
59,Necalli,2.931,12-2016,SF5,Street Fighter V
60,Chun-Li,2.811,12-2016,SF2,Street Fighter II
61,R. Mika,2.623,12-2016,SFA3,Street Fighter Alpha
62,Rashid,2.574,12-2016,SF5,Street Fighter V
63,Claw,2.444,12-2016,SF2,Street Fighter II
64,Birdie,2.257,12-2016,SF1,Street Fighter
65,Dhalsim,1.386,12-2016,SF2,Street Fighter II
66,F.A.N.G.,1.205,12-2016,SF5,Street Fighter V
67,Akuma,13.922,01-2017,SF2T,Street Fighter II
68,Ryu,11.632,01-2017,SF1,Street Fighter
69,Ken,7.401,01-2017,SF1,Street Fighter
70,Urien,5.41,01-2017,SF3GI,Street Fighter III
71,Cammy,4.783,01-2017,SF2NC,Street Fighter II
72,Laura,4.765,01-2017,SF5,Street Fighter V
73,Guile,4.733,01-2017,SF2,Street Fighter II
74,Zangief,4.669,01-2017,SF2,Street Fighter II
75,Karin,4.192,01-2017,SFA3,Street Fighter Alpha
76,Boxer,4.05,01-2017,SF2,Street Fighter II
77,Dictator,3.974,01-2017,SF2,Street Fighter II
78,Ibuki,3.581,01-2017,SF3,Street Fighter III
79,Juri,3.372,01-2017,SSF4,Street Fighter IV
80,Nash,3.304,01-2017,SFA,Street Fighter Alpha
81,Alex,3.118,01-2017,SF3,Street Fighter III
82,Rashid,2.851,01-2017,SF5,Street Fighter V
83,Necalli,2.739,01-2017,SF5,Street Fighter V
84,Chun-Li,2.32,01-2017,SF2,Street Fighter II
85,Claw,2.221,01-2017,SF2,Street Fighter II
86,Birdie,2.202,01-2017,SF1,Street Fighter
87,R. Mika,2.147,01-2017,SFA3,Street Fighter Alpha
88,Dhalsim,1.436,01-2017,SF2,Street Fighter II
89,F.A.N.G.,1.179,01-2017,SF5,Street Fighter V
90,Ryu,12.764,02-2017,SF1,Street Fighter
91,Akuma,10.634,02-2017,SF2T,Street Fighter II
92,Ken,8.072,02-2017,SF1,Street Fighter
93,Urien,5.208,02-2017,SF3GI,Street Fighter III
94,Cammy,5.027,02-2017,SF2NC,Street Fighter II
95,Zangief,4.717,02-2017,SF2,Street Fighter II
96,Laura,4.497,02-2017,SF5,Street Fighter V
97,Guile,4.484,02-2017,SF2,Street Fighter II
98,Karin,4.457,02-2017,SFA3,Street Fighter Alpha
99,Boxer,4.144,02-2017,SF2,Street Fighter II
100,Dictator,4.116,02-2017,SF2,Street Fighter II
101,Nash,3.553,02-2017,SFA,Street Fighter Alpha
102,Ibuki,3.534,02-2017,SF3,Street Fighter III
103,Alex,3.296,02-2017,SF3,Street Fighter III
104,Juri,3.099,02-2017,SSF4,Street Fighter IV
105,Necalli,3.094,02-2017,SF5,Street Fighter V
106,Rashid,2.933,02-2017,SF5,Street Fighter V
107,R. Mika,2.491,02-2017,SFA3,Street Fighter Alpha
108,Chun-Li,2.443,02-2017,SF2,Street Fighter II
109,Birdie,2.304,02-2017,SF1,Street Fighter
110,Claw,2.228,02-2017,SF2,Street Fighter II
111,Dhalsim,1.642,02-2017,SF2,Street Fighter II
112,F.A.N.G.,1.262,02-2017,SF5,Street Fighter V
113,Ryu,11.335,03-2017,SF1,Street Fighter
114,Kolin,10.237,03-2017,SF3,Street Fighter III
115,Akuma,8.729,03-2017,SF2T,Street Fighter II
116,Ken,7.346,03-2017,SF1,Street Fighter
117,Cammy,4.575,03-2017,SF2NC,Street Fighter II
118,Zangief,4.528,03-2017,SF2,Street Fighter II
119,Urien,4.515,03-2017,SF3GI,Street Fighter III
120,Guile,4.371,03-2017,SF2,Street Fighter II
121,Karin,3.98,03-2017,SFA3,Street Fighter Alpha
122,Dictator,3.713,03-2017,SF2,Street Fighter II
123,Laura,3.713,03-2017,SF5,Street Fighter V
124,Boxer,3.635,03-2017,SF2,Street Fighter II
125,Ibuki,3.585,03-2017,SF3,Street Fighter III
126,Nash,3.2,03-2017,SFA,Street Fighter Alpha
127,Alex,2.986,03-2017,SF3,Street Fighter III
128,Necalli,2.936,03-2017,SF5,Street Fighter V
129,Juri,2.649,03-2017,SSF4,Street Fighter IV
130,Rashid,2.6,03-2017,SF5,Street Fighter V
131,R. Mika,2.484,03-2017,SFA3,Street Fighter Alpha
132,Birdie,2.113,03-2017,SF1,Street Fighter
133,Chun-Li,2.1,03-2017,SF2,Street Fighter II
134,Claw,2.057,03-2017,SF2,Street Fighter II
135,Dhalsim,1.486,03-2017,SF2,Street Fighter II
136,F.A.N.G.,1.127,03-2017,SF5,Street Fighter V
137,Ryu,11.622,04-2017,SF1,Street Fighter
138,Akuma,8.822,04-2017,SF2T,Street Fighter II
139,Ken,8.045,04-2017,SF1,Street Fighter
140,Zangief,5.057,04-2017,SF2,Street Fighter II
141,Guile,4.922,04-2017,SF2,Street Fighter II
142,Cammy,4.756,04-2017,SF2NC,Street Fighter II
143,Urien,4.323,04-2017,SF3GI,Street Fighter III
144,Karin,4.287,04-2017,SFA3,Street Fighter Alpha
145,Kolin,4.201,04-2017,SF3,Street Fighter III
146,Laura,4.092,04-2017,SF5,Street Fighter V
147,Dictator,4.017,04-2017,SF2,Street Fighter II
148,Boxer,3.919,04-2017,SF2,Street Fighter II
149,Ibuki,3.779,04-2017,SF3,Street Fighter III
150,Nash,3.613,04-2017,SFA,Street Fighter Alpha
151,Necalli,3.294,04-2017,SF5,Street Fighter V
152,Alex,3.274,04-2017,SF3,Street Fighter III
153,Juri,2.898,04-2017,SSF4,Street Fighter IV
154,Rashid,2.712,04-2017,SF5,Street Fighter V
155,R. Mika,2.671,04-2017,SFA3,Street Fighter Alpha
156,Chun-Li,2.433,04-2017,SF2,Street Fighter II
157,Birdie,2.377,04-2017,SF1,Street Fighter
158,Claw,2.212,04-2017,SF2,Street Fighter II
159,Dhalsim,1.551,04-2017,SF2,Street Fighter II
160,F.A.N.G.,1.125,04-2017,SF5,Street Fighter V
161,Ryu,11.927,05-2017,SF1,Street Fighter
162,Akuma,8.781,05-2017,SF2T,Street Fighter II
163,Ken,8.313,05-2017,SF1,Street Fighter
164,Karin,4.895,05-2017,SFA3,Street Fighter Alpha
165,Zangief,4.893,05-2017,SF2,Street Fighter II
166,Guile,4.839,05-2017,SF2,Street Fighter II
167,Cammy,4.809,05-2017,SF2NC,Street Fighter II
168,Urien,4.071,05-2017,SF3GI,Street Fighter III
169,Laura,4.049,05-2017,SF5,Street Fighter V
170,Dictator,3.914,05-2017,SF2,Street Fighter II
171,Nash,3.902,05-2017,SFA,Street Fighter Alpha
172,Boxer,3.759,05-2017,SF2,Street Fighter II
173,Ibuki,3.416,05-2017,SF3,Street Fighter III
174,Kolin,3.331,05-2017,SF3,Street Fighter III
175,Necalli,3.302,05-2017,SF5,Street Fighter V
176,Alex,3.043,05-2017,SF3,Street Fighter III
177,Juri,2.885,05-2017,SSF4,Street Fighter IV
178,Rashid,2.717,05-2017,SF5,Street Fighter V
179,R. Mika,2.689,05-2017,SFA3,Street Fighter Alpha
180,Chun-Li,2.573,05-2017,SF2,Street Fighter II
181,Birdie,2.401,05-2017,SF1,Street Fighter
182,Claw,2.23,05-2017,SF2,Street Fighter II
183,Dhalsim,1.521,05-2017,SF2,Street Fighter II
184,F.A.N.G.,1.154,05-2017,SF5,Street Fighter V
185,Ed,0.585,05-2017,SF4,Street Fighter IV
186,Ryu,12.801,06-2017,SF1,Street Fighter
187,Ed,8.331,06-2017,SF4,Street Fighter IV
188,Akuma,8.015,06-2017,SF2T,Street Fighter II
189,Ken,7.859,06-2017,SF1,Street Fighter
190,Zangief,4.747,06-2017,SF2,Street Fighter II
191,Guile,4.713,06-2017,SF2,Street Fighter II
192,Cammy,4.352,06-2017,SF2NC,Street Fighter II
193,Karin,4.311,06-2017,SFA3,Street Fighter Alpha
194,Nash,3.951,06-2017,SFA,Street Fighter Alpha
195,Dictator,3.518,06-2017,SF2,Street Fighter II
196,Laura,3.45,06-2017,SF5,Street Fighter V
197,Urien,3.446,06-2017,SF3GI,Street Fighter III
198,Boxer,3.124,06-2017,SF2,Street Fighter II
199,Alex,2.887,06-2017,SF3,Street Fighter III
200,Necalli,2.847,06-2017,SF5,Street Fighter V
201,Ibuki,2.705,06-2017,SF3,Street Fighter III
202,Rashid,2.514,06-2017,SF5,Street Fighter V
203,Claw,2.432,06-2017,SF2,Street Fighter II
204,R. Mika,2.376,06-2017,SFA3,Street Fighter Alpha
205,Kolin,2.374,06-2017,SF3,Street Fighter III
206,Juri,2.327,06-2017,SSF4,Street Fighter IV
207,Chun-Li,2.323,06-2017,SF2,Street Fighter II
208,Birdie,2.117,06-2017,SF1,Street Fighter
209,Dhalsim,1.277,06-2017,SF2,Street Fighter II
210,F.A.N.G.,1.204,06-2017,SF5,Street Fighter V
211,Ryu,11.81,07-2017,SF1,Street Fighter
212,Akuma,9.353,07-2017,SF2T,Street Fighter II
213,Ken,7.582,07-2017,SF1,Street Fighter
214,Guile,5.029,07-2017,SF2,Street Fighter II
215,Zangief,4.448,07-2017,SF2,Street Fighter II
216,Cammy,4.434,07-2017,SF2NC,Street Fighter II
217,Ed,4.419,07-2017,SF4,Street Fighter IV
218,Karin,4.367,07-2017,SFA3,Street Fighter Alpha
219,Nash,3.945,07-2017,SFA,Street Fighter Alpha
220,Dictator,3.544,07-2017,SF2,Street Fighter II
221,Laura,3.527,07-2017,SF5,Street Fighter V
222,Urien,3.473,07-2017,SF3GI,Street Fighter III
223,Abigail,3.417,07-2017,FF,Final Fight
224,Boxer,3.026,07-2017,SF2,Street Fighter II
225,Alex,3.02,07-2017,SF3,Street Fighter III
226,Ibuki,2.948,07-2017,SF3,Street Fighter III
227,Necalli,2.728,07-2017,SF5,Street Fighter V
228,Rashid,2.669,07-2017,SF5,Street Fighter V
229,Juri,2.544,07-2017,SSF4,Street Fighter IV
230,R. Mika,2.504,07-2017,SFA3,Street Fighter Alpha
231,Kolin,2.413,07-2017,SF3,Street Fighter III
232,Chun-Li,2.2,07-2017,SF2,Street Fighter II
233,Claw,2.102,07-2017,SF2,Street Fighter II
234,Birdie,2.086,07-2017,SF1,Street Fighter
235,Dhalsim,1.288,07-2017,SF2,Street Fighter II
236,F.A.N.G.,1.123,07-2017,SF5,Street Fighter V
237,Ryu,11.218,08-2017,SF1,Street Fighter
238,Akuma,9.731,08-2017,SF2T,Street Fighter II
239,Ken,7.436,08-2017,SF1,Street Fighter
240,Abigail,5.973,08-2017,FF,Final Fight
241,Guile,5.127,08-2017,SF2,Street Fighter II
242,Cammy,4.346,08-2017,SF2NC,Street Fighter II
243,Karin,4.295,08-2017,SFA3,Street Fighter Alpha
244,Zangief,3.929,08-2017,SF2,Street Fighter II
245,Laura,3.674,08-2017,SF5,Street Fighter V
246,Urien,3.531,08-2017,SF3GI,Street Fighter III
247,Ed,3.429,08-2017,SF4,Street Fighter IV
248,Dictator,3.429,08-2017,SF2,Street Fighter II
249,Nash,3.288,08-2017,SFA,Street Fighter Alpha
250,Ibuki,2.882,08-2017,SF3,Street Fighter III
251,Boxer,2.868,08-2017,SF2,Street Fighter II
252,Alex,2.851,08-2017,SF3,Street Fighter III
253,Necalli,2.814,08-2017,SF5,Street Fighter V
254,Juri,2.633,08-2017,SSF4,Street Fighter IV
255,Rashid,2.591,08-2017,SF5,Street Fighter V
256,Kolin,2.298,08-2017,SF3,Street Fighter III
257,R. Mika,2.289,08-2017,SFA3,Street Fighter Alpha
258,Chun-Li,2.114,08-2017,SF2,Street Fighter II
259,Claw,1.993,08-2017,SF2,Street Fighter II
260,Birdie,1.804,08-2017,SF1,Street Fighter
261,Menat,1.247,08-2017,SF5S2,Street Fighter V
262,Dhalsim,1.196,08-2017,SF2,Street Fighter II
263,F.A.N.G.,1.014,08-2017,SF5,Street Fighter V
264,Ryu,10.751,09-2017,SF1,Street Fighter
265,Akuma,9.29,09-2017,SF2T,Street Fighter II
266,Ken,7.547,09-2017,SF1,Street Fighter
267,Guile,5.498,09-2017,SF2,Street Fighter II
268,Karin,4.625,09-2017,SFA3,Street Fighter Alpha
269,Menat,4.585,09-2017,SF5S2,Street Fighter V
270,Cammy,4.327,09-2017,SF2NC,Street Fighter II
271,Urien,4.041,09-2017,SF3GI,Street Fighter III
272,Zangief,3.879,09-2017,SF2,Street Fighter II
273,Abigail,3.663,09-2017,FF,Final Fight
274,Dictator,3.576,09-2017,SF2,Street Fighter II
275,Laura,3.44,09-2017,SF5,Street Fighter V
276,Ed,3.095,09-2017,SF4,Street Fighter IV
277,Nash,2.958,09-2017,SFA,Street Fighter Alpha
278,Boxer,2.9,09-2017,SF2,Street Fighter II
279,Necalli,2.788,09-2017,SF5,Street Fighter V
280,Alex,2.649,09-2017,SF3,Street Fighter III
281,Rashid,2.568,09-2017,SF5,Street Fighter V
282,Ibuki,2.558,09-2017,SF3,Street Fighter III
283,Juri,2.512,09-2017,SSF4,Street Fighter IV
284,R. Mika,2.258,09-2017,SFA3,Street Fighter Alpha
285,Kolin,2.192,09-2017,SF3,Street Fighter III
286,Chun-Li,2.086,09-2017,SF2,Street Fighter II
287,Claw,2.046,09-2017,SF2,Street Fighter II
288,Birdie,1.972,09-2017,SF1,Street Fighter
289,Dhalsim,1.195,09-2017,SF2,Street Fighter II
290,F.A.N.G.,1.002,09-2017,SF5,Street Fighter V
291,Ryu,10.477,10-2017,SF1,Street Fighter
292,Akuma,9.486,10-2017,SF2T,Street Fighter II
293,Ken,7.307,10-2017,SF1,Street Fighter
294,Guile,5.188,10-2017,SF2,Street Fighter II
295,Zeku,4.796,10-2017,SFA2,Street Fighter Alpha
296,Cammy,4.659,10-2017,SF2NC,Street Fighter II
297,Karin,4.456,10-2017,SFA3,Street Fighter Alpha
298,Urien,4.052,10-2017,SF3GI,Street Fighter III
299,Zangief,3.849,10-2017,SF2,Street Fighter II
300,Dictator,3.776,10-2017,SF2,Street Fighter II
301,Laura,3.25,10-2017,SF5,Street Fighter V
302,Abigail,2.939,10-2017,FF,Final Fight
303,Ed,2.81,10-2017,SF4,Street Fighter IV
304,Nash,2.81,10-2017,SFA,Street Fighter Alpha
305,Boxer,2.738,10-2017,SF2,Street Fighter II
306,Necalli,2.668,10-2017,SF5,Street Fighter V
307,Alex,2.656,10-2017,SF3,Street Fighter III
308,Ibuki,2.518,10-2017,SF3,Street Fighter III
309,Rashid,2.436,10-2017,SF5,Street Fighter V
310,Juri,2.387,10-2017,SSF4,Street Fighter IV
311,Chun-Li,2.282,10-2017,SF2,Street Fighter II
312,R. Mika,2.18,10-2017,SFA3,Street Fighter Alpha
313,Kolin,2.142,10-2017,SF3,Street Fighter III
314,Birdie,2.117,10-2017,SF1,Street Fighter
315,Claw,1.975,10-2017,SF2,Street Fighter II
316,Menat,1.876,10-2017,SF5S2,Street Fighter V
317,Dhalsim,1.127,10-2017,SF2,Street Fighter II
318,F.A.N.G.,1.042,10-2017,SF5,Street Fighter V
319,Ryu,10.586,11-2017,SF1,Street Fighter
320,Akuma,8.937,11-2017,SF2T,Street Fighter II
321,Zeku,7.18,11-2017,SFA2,Street Fighter Alpha
322,Ken,7.069,11-2017,SF1,Street Fighter
323,Guile,5.065,11-2017,SF2,Street Fighter II
324,Karin,4.278,11-2017,SFA3,Street Fighter Alpha
325,Cammy,4.253,11-2017,SF2NC,Street Fighter II
326,Zangief,4.042,11-2017,SF2,Street Fighter II
327,Dictator,3.769,11-2017,SF2,Street Fighter II
328,Urien,3.748,11-2017,SF3GI,Street Fighter III
329,Laura,3.287,11-2017,SF5,Street Fighter V
330,Abigail,2.857,11-2017,FF,Final Fight
331,Nash,2.752,11-2017,SFA,Street Fighter Alpha
332,Ed,2.744,11-2017,SF4,Street Fighter IV
333,Boxer,2.74,11-2017,SF2,Street Fighter II
334,Alex,2.647,11-2017,SF3,Street Fighter III
335,Necalli,2.586,11-2017,SF5,Street Fighter V
336,Ibuki,2.436,11-2017,SF3,Street Fighter III
337,Juri,2.307,11-2017,SSF4,Street Fighter IV
338,Kolin,2.293,11-2017,SF3,Street Fighter III
339,Chun-Li,2.265,11-2017,SF2,Street Fighter II
340,Rashid,2.228,11-2017,SF5,Street Fighter V
341,R. Mika,2.137,11-2017,SFA3,Street Fighter Alpha
342,Birdie,2.115,11-2017,SF1,Street Fighter
343,Claw,1.882,11-2017,SF2,Street Fighter II
344,Menat,1.552,11-2017,SF5S2,Street Fighter V
345,Dhalsim,1.176,11-2017,SF2,Street Fighter II
346,F.A.N.G.,1.069,11-2017,SF5,Street Fighter V
347,Ryu,11.099,12-2017,SF1,Street Fighter
348,Akuma,9.336,12-2017,SF2T,Street Fighter II
349,Ken,7.313,12-2017,SF1,Street Fighter
350,Guile,4.813,12-2017,SF2,Street Fighter II
351,Cammy,4.509,12-2017,SF2NC,Street Fighter II
352,Karin,4.385,12-2017,SFA3,Street Fighter Alpha
353,Zangief,3.963,12-2017,SF2,Street Fighter II
354,Urien,3.92,12-2017,SF3GI,Street Fighter III
355,Dictator,3.724,12-2017,SF2,Street Fighter II
356,Zeku,3.627,12-2017,SFA2,Street Fighter Alpha
357,Laura,3.396,12-2017,SF5,Street Fighter V
358,Ed,3.069,12-2017,SF4,Street Fighter IV
359,Alex,2.942,12-2017,SF3,Street Fighter III
360,Nash,2.894,12-2017,SFA,Street Fighter Alpha
361,Abigail,2.786,12-2017,FF,Final Fight
362,Chun-Li,2.76,12-2017,SF2,Street Fighter II
363,Boxer,2.698,12-2017,SF2,Street Fighter II
364,Birdie,2.59,12-2017,SF1,Street Fighter
365,Necalli,2.568,12-2017,SF5,Street Fighter V
366,Juri,2.512,12-2017,SSF4,Street Fighter IV
367,Kolin,2.394,12-2017,SF3,Street Fighter III
368,Rashid,2.32,12-2017,SF5,Street Fighter V
369,Ibuki,2.291,12-2017,SF3,Street Fighter III
370,R. Mika,2.239,12-2017,SFA3,Street Fighter Alpha
371,Claw,1.915,12-2017,SF2,Street Fighter II
372,Menat,1.702,12-2017,SF5S2,Street Fighter V
373,Dhalsim,1.205,12-2017,SF2,Street Fighter II
374,F.A.N.G.,1.03,12-2017,SF5,Street Fighter V
375,Ryu,11.519,01-2018,SF1,Street Fighter
376,Akuma,7.963,01-2018,SF2T,Street Fighter II
377,Ken,6.928,01-2018,SF1,Street Fighter
378,Sakura,6.337,01-2018,SFA2,Street Fighter Alpha
379,Guile,4.506,01-2018,SF2,Street Fighter II
380,Cammy,4.014,01-2018,SF2NC,Street Fighter II
381,Karin,3.706,01-2018,SFA3,Street Fighter Alpha
382,Dictator,3.641,01-2018,SF2,Street Fighter II
383,Zangief,3.465,01-2018,SF2,Street Fighter II
384,Urien,3.393,01-2018,SF3GI,Street Fighter III
385,Ed,3.32,01-2018,SF4,Street Fighter IV
386,Alex,3.271,01-2018,SF3,Street Fighter III
387,Abigail,3.035,01-2018,FF,Final Fight
388,Laura,3.003,01-2018,SF5,Street Fighter V
389,Nash,2.932,01-2018,SFA,Street Fighter Alpha
390,Juri,2.88,01-2018,SSF4,Street Fighter IV
391,Chun-Li,2.783,01-2018,SF2,Street Fighter II
392,Kolin,2.504,01-2018,SF3,Street Fighter III
393,Zeku,2.424,01-2018,SFA2,Street Fighter Alpha
394,Birdie,2.241,01-2018,SF1,Street Fighter
395,Rashid,2.198,01-2018,SF5,Street Fighter V
396,Boxer,2.171,01-2018,SF2,Street Fighter II
397,Necalli,2.153,01-2018,SF5,Street Fighter V
398,R. Mika,2.151,01-2018,SFA3,Street Fighter Alpha
399,Ibuki,1.993,01-2018,SF3,Street Fighter III
400,Claw,1.852,01-2018,SF2,Street Fighter II
401,Menat,1.373,01-2018,SF5S2,Street Fighter V
402,Dhalsim,1.137,01-2018,SF2,Street Fighter II
403,F.A.N.G.,1.103,01-2018,SF5,Street Fighter V
404,Ryu,11.301,02-2018,SF1,Street Fighter
405,Akuma,8.503,02-2018,SF2T,Street Fighter II
406,Ken,7.015,02-2018,SF1,Street Fighter
407,Guile,5.627,02-2018,SF2,Street Fighter II
408,Sakura,3.994,02-2018,SFA2,Street Fighter Alpha
409,Cammy,3.949,02-2018,SF2NC,Street Fighter II
410,Abigail,3.723,02-2018,FF,Final Fight
411,Dictator,3.632,02-2018,SF2,Street Fighter II
412,Zangief,3.385,02-2018,SF2,Street Fighter II
413,Karin,3.366,02-2018,SFA3,Street Fighter Alpha
414,Urien,3.132,02-2018,SF3GI,Street Fighter III
415,Blanka,3.101,02-2018,SF2,Street Fighter II
416,Nash,2.992,02-2018,SFA,Street Fighter Alpha
417,Alex,2.917,02-2018,SF3,Street Fighter III
418,Ed,2.805,02-2018,SF4,Street Fighter IV
419,Laura,2.673,02-2018,SF5,Street Fighter V
420,Juri,2.626,02-2018,SSF4,Street Fighter IV
421,Chun-Li,2.572,02-2018,SF2,Street Fighter II
422,Kolin,2.507,02-2018,SF3,Street Fighter III
423,Rashid,2.452,02-2018,SF5,Street Fighter V
424,Birdie,2.302,02-2018,SF1,Street Fighter
425,R. Mika,2.298,02-2018,SFA3,Street Fighter Alpha
426,Boxer,2.058,02-2018,SF2,Street Fighter II
427,Necalli,1.987,02-2018,SF5,Street Fighter V
428,Ibuki,1.973,02-2018,SF3,Street Fighter III
429,Zeku,1.778,02-2018,SFA2,Street Fighter Alpha
430,Claw,1.766,02-2018,SF2,Street Fighter II
431,Menat,1.32,02-2018,SF5S2,Street Fighter V
432,Dhalsim,1.152,02-2018,SF2,Street Fighter II
433,F.A.N.G.,1.094,02-2018,SF5,Street Fighter V
434,Ryu,10.764,03-2018,SF1,Street Fighter
435,Akuma,9.034,03-2018,SF2T,Street Fighter II
436,Ken,7.106,03-2018,SF1,Street Fighter
437,Guile,5.979,03-2018,SF2,Street Fighter II
438,Cammy,4.182,03-2018,SF2NC,Street Fighter II
439,Blanka,3.691,03-2018,SF2,Street Fighter II
440,Dictator,3.68,03-2018,SF2,Street Fighter II
441,Abigail,3.66,03-2018,FF,Final Fight
442,Urien,3.355,03-2018,SF3GI,Street Fighter III
443,Karin,3.345,03-2018,SFA3,Street Fighter Alpha
444,Zangief,3.27,03-2018,SF2,Street Fighter II
445,Nash,3.01,03-2018,SFA,Street Fighter Alpha
446,Sakura,2.991,03-2018,SFA2,Street Fighter Alpha
447,Alex,2.718,03-2018,SF3,Street Fighter III
448,Laura,2.699,03-2018,SF5,Street Fighter V
449,Ed,2.655,03-2018,SF4,Street Fighter IV
450,Juri,2.569,03-2018,SSF4,Street Fighter IV
451,Chun-Li,2.529,03-2018,SF2,Street Fighter II
452,Kolin,2.445,03-2018,SF3,Street Fighter III
453,Rashid,2.339,03-2018,SF5,Street Fighter V
454,R. Mika,2.302,03-2018,SFA3,Street Fighter Alpha
455,Ibuki,2.224,03-2018,SF3,Street Fighter III
456,Birdie,2.183,03-2018,SF1,Street Fighter
457,Boxer,2.107,03-2018,SF2,Street Fighter II
458,Zeku,1.951,03-2018,SFA2,Street Fighter Alpha
459,Necalli,1.903,03-2018,SF5,Street Fighter V
460,Claw,1.758,03-2018,SF2,Street Fighter II
461,Menat,1.344,03-2018,SF5S2,Street Fighter V
462,Dhalsim,1.192,03-2018,SF2,Street Fighter II
463,F.A.N.G.,1.015,03-2018,SF5,Street Fighter V
464,Ryu,10.31,04-2018,SF1,Street Fighter
465,Akuma,9.032,04-2018,SF2T,Street Fighter II
466,Ken,6.92,04-2018,SF1,Street Fighter
467,Guile,5.696,04-2018,SF2,Street Fighter II
468,Cammy,5.031,04-2018,SF2NC,Street Fighter II
469,Dictator,3.47,04-2018,SF2,Street Fighter II
470,Karin,3.326,04-2018,SFA3,Street Fighter Alpha
471,Alex,3.221,04-2018,SF3,Street Fighter III
472,Urien,3.203,04-2018,SF3GI,Street Fighter III
473,Zangief,3.167,04-2018,SF2,Street Fighter II
474,Nash,3.16,04-2018,SFA,Street Fighter Alpha
475,Sakura,3.104,04-2018,SFA2,Street Fighter Alpha
476,Zeku,2.76,04-2018,SFA2,Street Fighter Alpha
477,Juri,2.756,04-2018,SSF4,Street Fighter IV
478,Ed,2.654,04-2018,SF4,Street Fighter IV
479,Abigail,2.502,04-2018,FF,Final Fight
480,Laura,2.495,04-2018,SF5,Street Fighter V
481,R. Mika,2.484,04-2018,SFA3,Street Fighter Alpha
482,Boxer,2.455,04-2018,SF2,Street Fighter II
483,Chun-Li,2.382,04-2018,SF2,Street Fighter II
484,Falke,2.375,04-2018,SF5S2,Street Fighter V
485,Ibuki,2.228,04-2018,SF3,Street Fighter III
486,Blanka,2.154,04-2018,SF2,Street Fighter II
487,Kolin,2.084,04-2018,SF3,Street Fighter III
488,Birdie,2.044,04-2018,SF1,Street Fighter
489,Necalli,1.993,04-2018,SF5,Street Fighter V
490,Claw,1.831,04-2018,SF2,Street Fighter II
491,Rashid,1.584,04-2018,SF5,Street Fighter V
492,Menat,1.429,04-2018,SF5S2,Street Fighter V
493,Dhalsim,1.209,04-2018,SF2,Street Fighter II
494,F.A.N.G.,0.94,04-2018,SF5,Street Fighter V
495,Ryu,10.777,05-2018,SF1,Street Fighter
496,Akuma,9.148,05-2018,SF2T,Street Fighter II
497,Ken,7.275,05-2018,SF1,Street Fighter
498,Guile,5.968,05-2018,SF2,Street Fighter II
499,Cammy,4.575,05-2018,SF2NC,Street Fighter II
500,Dictator,3.747,05-2018,SF2,Street Fighter II
501,Karin,3.304,05-2018,SFA3,Street Fighter Alpha
502,Urien,3.302,05-2018,SF3GI,Street Fighter III
503,Zangief,3.243,05-2018,SF2,Street Fighter II
504,Nash,3.031,05-2018,SFA,Street Fighter Alpha
505,Alex,2.971,05-2018,SF3,Street Fighter III
506,Falke,2.849,05-2018,SF5S2,Street Fighter V
507,Laura,2.62,05-2018,SF5,Street Fighter V
508,Sakura,2.595,05-2018,SFA2,Street Fighter Alpha
509,Ed,2.567,05-2018,SF4,Street Fighter IV
510,Ibuki,2.555,05-2018,SF3,Street Fighter III
511,Zeku,2.493,05-2018,SFA2,Street Fighter Alpha
512,R. Mika,2.463,05-2018,SFA3,Street Fighter Alpha
513,Juri,2.453,05-2018,SSF4,Street Fighter IV
514,Boxer,2.423,05-2018,SF2,Street Fighter II
515,Chun-Li,2.339,05-2018,SF2,Street Fighter II
516,Abigail,2.306,05-2018,FF,Final Fight
517,Birdie,2.279,05-2018,SF1,Street Fighter
518,Necalli,1.956,05-2018,SF5,Street Fighter V
519,Kolin,1.935,05-2018,SF3,Street Fighter III
520,Claw,1.85,05-2018,SF2,Street Fighter II
521,Blanka,1.832,05-2018,SF2,Street Fighter II
522,Rashid,1.604,05-2018,SF5,Street Fighter V
523,Menat,1.335,05-2018,SF5S2,Street Fighter V
524,Dhalsim,1.261,05-2018,SF2,Street Fighter II
525,F.A.N.G.,0.944,05-2018,SF5,Street Fighter V
526,Ryu,10.469,06-2018,SF1,Street Fighter
527,Akuma,8.751,06-2018,SF2T,Street Fighter II
528,Ken,6.976,06-2018,SF1,Street Fighter
529,Guile,5.662,06-2018,SF2,Street Fighter II
530,Cammy,4.52,06-2018,SF2NC,Street Fighter II
531,Cody,4.133,06-2018,FF,Final Fight
532,Dictator,3.539,06-2018,SF2,Street Fighter II
533,Urien,3.508,06-2018,SF3GI,Street Fighter III
534,Karin,3.341,06-2018,SFA3,Street Fighter Alpha
535,Zangief,3.255,06-2018,SF2,Street Fighter II
536,Nash,2.973,06-2018,SFA,Street Fighter Alpha
537,Ibuki,2.798,06-2018,SF3,Street Fighter III
538,Alex,2.75,06-2018,SF3,Street Fighter III
539,Ed,2.487,06-2018,SF4,Street Fighter IV
540,Laura,2.482,06-2018,SF5,Street Fighter V
541,Boxer,2.415,06-2018,SF2,Street Fighter II
542,R. Mika,2.397,06-2018,SFA3,Street Fighter Alpha
543,Juri,2.393,06-2018,SSF4,Street Fighter IV
544,Abigail,2.351,06-2018,FF,Final Fight
545,Chun-Li,2.28,06-2018,SF2,Street Fighter II
546,Sakura,2.24,06-2018,SFA2,Street Fighter Alpha
547,Birdie,2.239,06-2018,SF1,Street Fighter
548,Zeku,2.201,06-2018,SFA2,Street Fighter Alpha
549,Necalli,1.956,06-2018,SF5,Street Fighter V
550,Claw,1.873,06-2018,SF2,Street Fighter II
551,Kolin,1.856,06-2018,SF3,Street Fighter III
552,Blanka,1.688,06-2018,SF2,Street Fighter II
553,Rashid,1.622,06-2018,SF5,Street Fighter V
554,Falke,1.411,06-2018,SF5S2,Street Fighter V
555,Menat,1.319,06-2018,SF5S2,Street Fighter V
556,Dhalsim,1.215,06-2018,SF2,Street Fighter II
557,F.A.N.G.,0.899,06-2018,SF5,Street Fighter V
558,Ryu,10.059,07-2018,SF1,Street Fighter
559,Akuma,8.395,07-2018,SF2T,Street Fighter II
560,Cody,7.715,07-2018,FF,Final Fight
561,Ken,6.802,07-2018,SF1,Street Fighter
562,Guile,5.556,07-2018,SF2,Street Fighter II
563,Cammy,4.754,07-2018,SF2NC,Street Fighter II
564,Dictator,3.279,07-2018,SF2,Street Fighter II
565,Karin,3.211,07-2018,SFA3,Street Fighter Alpha
566,Urien,3.113,07-2018,SF3GI,Street Fighter III
567,Zangief,3.035,07-2018,SF2,Street Fighter II
568,Ibuki,2.975,07-2018,SF3,Street Fighter III
569,Nash,2.72,07-2018,SFA,Street Fighter Alpha
570,Laura,2.603,07-2018,SF5,Street Fighter V
571,Chun-Li,2.445,07-2018,SF2,Street Fighter II
572,Ed,2.398,07-2018,SF4,Street Fighter IV
573,Alex,2.39,07-2018,SF3,Street Fighter III
574,Juri,2.344,07-2018,SSF4,Street Fighter IV
575,Abigail,2.292,07-2018,FF,Final Fight
576,Boxer,2.26,07-2018,SF2,Street Fighter II
577,R. Mika,2.235,07-2018,SFA3,Street Fighter Alpha
578,Sakura,2.145,07-2018,SFA2,Street Fighter Alpha
579,Zeku,2.08,07-2018,SFA2,Street Fighter Alpha
580,Birdie,2.036,07-2018,SF1,Street Fighter
581,Necalli,1.986,07-2018,SF5,Street Fighter V
582,Kolin,1.88,07-2018,SF3,Street Fighter III
583,Claw,1.679,07-2018,SF2,Street Fighter II
584,Rashid,1.608,07-2018,SF5,Street Fighter V
585,Blanka,1.509,07-2018,SF2,Street Fighter II
586,Menat,1.367,07-2018,SF5S2,Street Fighter V
587,Falke,1.143,07-2018,SF5S2,Street Fighter V
588,Dhalsim,1.122,07-2018,SF2,Street Fighter II
589,F.A.N.G.,0.863,07-2018,SF5,Street Fighter V
590,Sagat,9.729,08-2018,SF1,Street Fighter
591,Ryu,8.688,08-2018,SF1,Street Fighter
592,Akuma,7.463,08-2018,SF2T,Street Fighter II
593,G,7.25,08-2018,SF5S3,Street Fighter V
594,Ken,5.924,08-2018,SF1,Street Fighter
595,Guile,4.648,08-2018,SF2,Street Fighter II
596,Cammy,3.971,08-2018,SF2NC,Street Fighter II
597,Dictator,3.2,08-2018,SF2,Street Fighter II
598,Cody,2.953,08-2018,FF,Final Fight
599,Karin,2.755,08-2018,SFA3,Street Fighter Alpha
600,Zangief,2.698,08-2018,SF2,Street Fighter II
601,Ibuki,2.509,08-2018,SF3,Street Fighter III
602,Urien,2.431,08-2018,SF3GI,Street Fighter III
603,Laura,2.273,08-2018,SF5,Street Fighter V
604,R. Mika,2.254,08-2018,SFA3,Street Fighter Alpha
605,Nash,2.236,08-2018,SFA,Street Fighter Alpha
606,Juri,2.193,08-2018,SSF4,Street Fighter IV
607,Sakura,2.067,08-2018,SFA2,Street Fighter Alpha
608,Alex,2.016,08-2018,SF3,Street Fighter III
609,Ed,1.955,08-2018,SF4,Street Fighter IV
610,Abigail,1.952,08-2018,FF,Final Fight
611,Chun-Li,1.951,08-2018,SF2,Street Fighter II
612,Boxer,1.905,08-2018,SF2,Street Fighter II
613,Birdie,1.742,08-2018,SF1,Street Fighter
614,Zeku,1.739,08-2018,SFA2,Street Fighter Alpha
615,Necalli,1.622,08-2018,SF5,Street Fighter V
616,Kolin,1.619,08-2018,SF3,Street Fighter III
617,Rashid,1.572,08-2018,SF5,Street Fighter V
618,Claw,1.449,08-2018,SF2,Street Fighter II
619,Blanka,1.24,08-2018,SF2,Street Fighter II
620,Menat,1.181,08-2018,SF5S2,Street Fighter V
621,Falke,1.084,08-2018,SF5S2,Street Fighter V
622,Dhalsim,0.982,08-2018,SF2,Street Fighter II
623,F.A.N.G.,0.753,08-2018,SF5,Street Fighter V
624,Ryu,8.955,09-2018,SF1,Street Fighter
625,Akuma,8.539,09-2018,SF2T,Street Fighter II
626,Ken,6.464,09-2018,SF1,Street Fighter
627,Guile,5.156,09-2018,SF2,Street Fighter II
628,Sagat,5.137,09-2018,SF1,Street Fighter
629,Cammy,4.484,09-2018,SF2NC,Street Fighter II
630,G,4,09-2018,SF5S3,Street Fighter V
631,Dictator,3.535,09-2018,SF2,Street Fighter II
632,Karin,3.184,09-2018,SFA3,Street Fighter Alpha
633,Zangief,3.13,09-2018,SF2,Street Fighter II
634,Urien,2.773,09-2018,SF3GI,Street Fighter III
635,Ibuki,2.671,09-2018,SF3,Street Fighter III
636,R. Mika,2.561,09-2018,SFA3,Street Fighter Alpha
637,Nash,2.453,09-2018,SFA,Street Fighter Alpha
638,Cody,2.393,09-2018,FF,Final Fight
639,Abigail,2.367,09-2018,FF,Final Fight
640,Laura,2.362,09-2018,SF5,Street Fighter V
641,Juri,2.293,09-2018,SSF4,Street Fighter IV
642,Boxer,2.224,09-2018,SF2,Street Fighter II
643,Alex,2.179,09-2018,SF3,Street Fighter III
644,Ed,2.105,09-2018,SF4,Street Fighter IV
645,Chun-Li,2.068,09-2018,SF2,Street Fighter II
646,Kolin,2.063,09-2018,SF3,Street Fighter III
647,Zeku,2.06,09-2018,SFA2,Street Fighter Alpha
648,Sakura,2.048,09-2018,SFA2,Street Fighter Alpha
649,Birdie,1.897,09-2018,SF1,Street Fighter
650,Necalli,1.812,09-2018,SF5,Street Fighter V
651,Claw,1.652,09-2018,SF2,Street Fighter II
652,Rashid,1.639,09-2018,SF5,Street Fighter V
653,Menat,1.377,09-2018,SF5S2,Street Fighter V
654,Blanka,1.277,09-2018,SF2,Street Fighter II
655,Falke,1.206,09-2018,SF5S2,Street Fighter V
656,Dhalsim,1.096,09-2018,SF2,Street Fighter II
657,F.A.N.G.,0.843,09-2018,SF5,Street Fighter V
658,Ryu,9.414,10-2018,SF1,Street Fighter
659,Akuma,8.909,10-2018,SF2T,Street Fighter II
660,Ken,6.968,10-2018,SF1,Street Fighter
661,Guile,5.369,10-2018,SF2,Street Fighter II
662,Cammy,4.215,10-2018,SF2NC,Street Fighter II
663,Sagat,3.725,10-2018,SF1,Street Fighter
664,Dictator,3.536,10-2018,SF2,Street Fighter II
665,Zangief,3.477,10-2018,SF2,Street Fighter II
666,Karin,3.205,10-2018,SFA3,Street Fighter Alpha
667,Urien,2.901,10-2018,SF3GI,Street Fighter III
668,Ibuki,2.701,10-2018,SF3,Street Fighter III
669,G,2.656,10-2018,SF5S3,Street Fighter V
670,R. Mika,2.588,10-2018,SFA3,Street Fighter Alpha
671,Abigail,2.579,10-2018,FF,Final Fight
672,Nash,2.562,10-2018,SFA,Street Fighter Alpha
673,Laura,2.404,10-2018,SF5,Street Fighter V
674,Alex,2.315,10-2018,SF3,Street Fighter III
675,Juri,2.313,10-2018,SSF4,Street Fighter IV
676,Chun-Li,2.232,10-2018,SF2,Street Fighter II
677,Cody,2.211,10-2018,FF,Final Fight
678,Boxer,2.186,10-2018,SF2,Street Fighter II
679,Zeku,2.122,10-2018,SFA2,Street Fighter Alpha
680,Kolin,2.082,10-2018,SF3,Street Fighter III
681,Ed,2.072,10-2018,SF4,Street Fighter IV
682,Sakura,1.971,10-2018,SFA2,Street Fighter Alpha
683,Necalli,1.911,10-2018,SF5,Street Fighter V
684,Birdie,1.91,10-2018,SF1,Street Fighter
685,Rashid,1.813,10-2018,SF5,Street Fighter V
686,Claw,1.806,10-2018,SF2,Street Fighter II
687,Blanka,1.345,10-2018,SF2,Street Fighter II
688,Menat,1.328,10-2018,SF5S2,Street Fighter V
689,Dhalsim,1.165,10-2018,SF2,Street Fighter II
690,Falke,1.069,10-2018,SF5S2,Street Fighter V
691,F.A.N.G.,0.942,10-2018,SF5,Street Fighter V
692,Ryu,9.87,11-2018,SF1,Street Fighter
693,Akuma,8.847,11-2018,SF2T,Street Fighter II
694,Ken,7.104,11-2018,SF1,Street Fighter
695,Guile,5.431,11-2018,SF2,Street Fighter II
696,Cammy,4.284,11-2018,SF2NC,Street Fighter II
697,Dictator,3.93,11-2018,SF2,Street Fighter II
698,Zangief,3.333,11-2018,SF2,Street Fighter II
699,Karin,3.329,11-2018,SFA3,Street Fighter Alpha
700,Sagat,3.099,11-2018,SF1,Street Fighter
701,Urien,2.98,11-2018,SF3GI,Street Fighter III
702,Ibuki,2.648,11-2018,SF3,Street Fighter III
703,Nash,2.636,11-2018,SFA,Street Fighter Alpha
704,R. Mika,2.621,11-2018,SFA3,Street Fighter Alpha
705,Abigail,2.559,11-2018,FF,Final Fight
706,Laura,2.488,11-2018,SF5,Street Fighter V
707,Alex,2.406,11-2018,SF3,Street Fighter III
708,G,2.38,11-2018,SF5S3,Street Fighter V
709,Juri,2.374,11-2018,SSF4,Street Fighter IV
710,Cody,2.181,11-2018,FF,Final Fight
711,Boxer,2.178,11-2018,SF2,Street Fighter II
712,Chun-Li,2.123,11-2018,SF2,Street Fighter II
713,Ed,2.09,11-2018,SF4,Street Fighter IV
714,Sakura,2.079,11-2018,SFA2,Street Fighter Alpha
715,Zeku,2.053,11-2018,SFA2,Street Fighter Alpha
716,Kolin,2.037,11-2018,SF3,Street Fighter III
717,Necalli,1.845,11-2018,SF5,Street Fighter V
718,Birdie,1.832,11-2018,SF1,Street Fighter
719,Rashid,1.796,11-2018,SF5,Street Fighter V
720,Claw,1.736,11-2018,SF2,Street Fighter II
721,Blanka,1.379,11-2018,SF2,Street Fighter II
722,Menat,1.23,11-2018,SF5S2,Street Fighter V
723,Dhalsim,1.153,11-2018,SF2,Street Fighter II
724,Falke,0.992,11-2018,SF5S2,Street Fighter V
725,F.A.N.G.,0.982,11-2018,SF5,Street Fighter V
726,Ryu,10.886,12-2018,SF1,Street Fighter
727,Kage,8.949,12-2018,SF5S4,Street Fighter V
728,Akuma,7.031,12-2018,SF2T,Street Fighter II
729,Ken,6.309,12-2018,SF1,Street Fighter
730,Guile,4.09,12-2018,SF2,Street Fighter II
731,Dictator,3.652,12-2018,SF2,Street Fighter II
732,Cammy,3.607,12-2018,SF2NC,Street Fighter II
733,Zangief,3.33,12-2018,SF2,Street Fighter II
734,Karin,3.155,12-2018,SFA3,Street Fighter Alpha
735,Sagat,2.685,12-2018,SF1,Street Fighter
736,Sakura,2.594,12-2018,SFA2,Street Fighter Alpha
737,Alex,2.488,12-2018,SF3,Street Fighter III
738,Urien,2.418,12-2018,SF3GI,Street Fighter III
739,Nash,2.322,12-2018,SFA,Street Fighter Alpha
740,Juri,2.21,12-2018,SSF4,Street Fighter IV
741,Ibuki,2.162,12-2018,SF3,Street Fighter III
742,Laura,2.144,12-2018,SF5,Street Fighter V
743,Chun-Li,2.118,12-2018,SF2,Street Fighter II
744,R. Mika,2.115,12-2018,SFA3,Street Fighter Alpha
745,Cody,2.096,12-2018,FF,Final Fight
746,Zeku,2.04,12-2018,SFA2,Street Fighter Alpha
747,G,1.988,12-2018,SF5S3,Street Fighter V
748,Kolin,1.933,12-2018,SF3,Street Fighter III
749,Ed,1.913,12-2018,SF4,Street Fighter IV
750,Boxer,1.911,12-2018,SF2,Street Fighter II
751,Abigail,1.877,12-2018,FF,Final Fight
752,Birdie,1.667,12-2018,SF1,Street Fighter
753,Claw,1.656,12-2018,SF2,Street Fighter II
754,Rashid,1.629,12-2018,SF5,Street Fighter V
755,Necalli,1.5,12-2018,SF5,Street Fighter V
756,Falke,1.312,12-2018,SF5S2,Street Fighter V
757,Blanka,1.157,12-2018,SF2,Street Fighter II
758,Dhalsim,1.081,12-2018,SF2,Street Fighter II
759,Menat,1.069,12-2018,SF5S2,Street Fighter V
760,F.A.N.G.,0.906,12-2018,SF5,Street Fighter V
761,Ryu,11.402,01-2019,SF1,Street Fighter
762,Akuma,7.253,01-2019,SF2T,Street Fighter II
763,Kage,6.708,01-2019,SF5S4,Street Fighter V
764,Ken,6.364,01-2019,SF1,Street Fighter
765,Zangief,3.934,01-2019,SF2,Street Fighter II
766,Dictator,3.903,01-2019,SF2,Street Fighter II
767,Guile,3.656,01-2019,SF2,Street Fighter II
768,Karin,3.465,01-2019,SFA3,Street Fighter Alpha
769,Cammy,3.142,01-2019,SF2NC,Street Fighter II
770,Zeku,2.668,01-2019,SFA2,Street Fighter Alpha
771,Sakura,2.629,01-2019,SFA2,Street Fighter Alpha
772,Alex,2.578,01-2019,SF3,Street Fighter III
773,Sagat,2.564,01-2019,SF1,Street Fighter
774,Urien,2.394,01-2019,SF3GI,Street Fighter III
775,Ibuki,2.36,01-2019,SF3,Street Fighter III
776,Nash,2.179,01-2019,SFA,Street Fighter Alpha
777,Cody,2.161,01-2019,FF,Final Fight
778,Chun-Li,2.155,01-2019,SF2,Street Fighter II
779,Birdie,2.142,01-2019,SF1,Street Fighter
780,R. Mika,2.13,01-2019,SFA3,Street Fighter Alpha
781,Juri,2.116,01-2019,SSF4,Street Fighter IV
782,Laura,2.073,01-2019,SF5,Street Fighter V
783,G,2.066,01-2019,SF5S3,Street Fighter V
784,Boxer,2.014,01-2019,SF2,Street Fighter II
785,Kolin,1.992,01-2019,SF3,Street Fighter III
786,Ed,1.845,01-2019,SF4,Street Fighter IV
787,Rashid,1.71,01-2019,SF5,Street Fighter V
788,Abigail,1.695,01-2019,FF,Final Fight
789,Claw,1.626,01-2019,SF2,Street Fighter II
790,Necalli,1.535,01-2019,SF5,Street Fighter V
791,Falke,1.454,01-2019,SF5S2,Street Fighter V
792,Blanka,1.148,01-2019,SF2,Street Fighter II
793,Dhalsim,1.105,01-2019,SF2,Street Fighter II
794,Menat,0.923,01-2019,SF5S2,Street Fighter V
795,F.A.N.G.,0.91,01-2019,SF5,Street Fighter V
796,Ryu,10.8,02-2019,SF1,Street Fighter
797,Akuma,7.816,02-2019,SF2T,Street Fighter II
798,Ken,6.516,02-2019,SF1,Street Fighter
799,Kage,4.696,02-2019,SF5S4,Street Fighter V
800,Guile,4.143,02-2019,SF2,Street Fighter II
801,Zangief,4.022,02-2019,SF2,Street Fighter II
802,Dictator,3.93,02-2019,SF2,Street Fighter II
803,Karin,3.582,02-2019,SFA3,Street Fighter Alpha
804,Cammy,3.377,02-2019,SF2NC,Street Fighter II
805,Urien,2.779,02-2019,SF3GI,Street Fighter III
806,Birdie,2.753,02-2019,SF1,Street Fighter
807,Sagat,2.533,02-2019,SF1,Street Fighter
808,Zeku,2.482,02-2019,SFA2,Street Fighter Alpha
809,Sakura,2.481,02-2019,SFA2,Street Fighter Alpha
810,Ibuki,2.417,02-2019,SF3,Street Fighter III
811,Alex,2.385,02-2019,SF3,Street Fighter III
812,Nash,2.228,02-2019,SFA,Street Fighter Alpha
813,R. Mika,2.175,02-2019,SFA3,Street Fighter Alpha
814,Chun-Li,2.174,02-2019,SF2,Street Fighter II
815,Juri,2.13,02-2019,SSF4,Street Fighter IV
816,G,2.091,02-2019,SF5S3,Street Fighter V
817,Boxer,2.09,02-2019,SF2,Street Fighter II
818,Cody,2.089,02-2019,FF,Final Fight
819,Kolin,2.075,02-2019,SF3,Street Fighter III
820,Laura,2.074,02-2019,SF5,Street Fighter V
821,Ed,1.872,02-2019,SF4,Street Fighter IV
822,Abigail,1.737,02-2019,FF,Final Fight
823,Necalli,1.686,02-2019,SF5,Street Fighter V
824,Rashid,1.669,02-2019,SF5,Street Fighter V
825,Claw,1.666,02-2019,SF2,Street Fighter II
826,Blanka,1.26,02-2019,SF2,Street Fighter II
827,Falke,1.222,02-2019,SF5S2,Street Fighter V
828,Dhalsim,1.214,02-2019,SF2,Street Fighter II
829,Menat,0.963,02-2019,SF5S2,Street Fighter V
830,F.A.N.G.,0.874,02-2019,SF5,Street Fighter V
831,Ryu,10.335,03-2019,SF1,Street Fighter
832,Akuma,7.828,03-2019,SF2T,Street Fighter II
833,Ken,6.499,03-2019,SF1,Street Fighter
834,Guile,4.456,03-2019,SF2,Street Fighter II
835,Zangief,4.172,03-2019,SF2,Street Fighter II
836,Kage,4.055,03-2019,SF5S4,Street Fighter V
837,Dictator,3.946,03-2019,SF2,Street Fighter II
838,Karin,3.916,03-2019,SFA3,Street Fighter Alpha
839,Cammy,3.392,03-2019,SF2NC,Street Fighter II
840,Urien,2.774,03-2019,SF3GI,Street Fighter III
841,Birdie,2.603,03-2019,SF1,Street Fighter
842,Sagat,2.49,03-2019,SF1,Street Fighter
843,Ibuki,2.463,03-2019,SF3,Street Fighter III
844,Alex,2.455,03-2019,SF3,Street Fighter III
845,Sakura,2.454,03-2019,SFA2,Street Fighter Alpha
846,Zeku,2.419,03-2019,SFA2,Street Fighter Alpha
847,Juri,2.248,03-2019,SSF4,Street Fighter IV
848,Nash,2.24,03-2019,SFA,Street Fighter Alpha
849,Chun-Li,2.217,03-2019,SF2,Street Fighter II
850,Boxer,2.154,03-2019,SF2,Street Fighter II
851,Laura,2.114,03-2019,SF5,Street Fighter V
852,Kolin,2.11,03-2019,SF3,Street Fighter III
853,R. Mika,2.106,03-2019,SFA3,Street Fighter Alpha
854,G,2.082,03-2019,SF5S3,Street Fighter V
855,Cody,2.075,03-2019,FF,Final Fight
856,Abigail,1.837,03-2019,FF,Final Fight
857,Ed,1.831,03-2019,SF4,Street Fighter IV
858,Necalli,1.784,03-2019,SF5,Street Fighter V
859,Rashid,1.776,03-2019,SF5,Street Fighter V
860,Claw,1.579,03-2019,SF2,Street Fighter II
861,Dhalsim,1.268,03-2019,SF2,Street Fighter II
862,Blanka,1.254,03-2019,SF2,Street Fighter II
863,Falke,1.157,03-2019,SF5S2,Street Fighter V
864,Menat,1.015,03-2019,SF5S2,Street Fighter V
865,F.A.N.G.,0.899,03-2019,SF5,Street Fighter V
866,Ryu,10.452,04-2019,SF1,Street Fighter
867,Akuma,8.37,04-2019,SF2T,Street Fighter II
868,Ken,6.517,04-2019,SF1,Street Fighter
869,Guile,4.584,04-2019,SF2,Street Fighter II
870,Karin,4.205,04-2019,SFA3,Street Fighter Alpha
871,Kage,4.059,04-2019,SF5S4,Street Fighter V
872,Zangief,4.012,04-2019,SF2,Street Fighter II
873,Dictator,3.948,04-2019,SF2,Street Fighter II
874,Cammy,3.432,04-2019,SF2NC,Street Fighter II
875,Zeku,2.582,04-2019,SFA2,Street Fighter Alpha
876,Urien,2.554,04-2019,SF3GI,Street Fighter III
877,Ibuki,2.41,04-2019,SF3,Street Fighter III
878,G,2.397,04-2019,SF5S3,Street Fighter V
879,Birdie,2.333,04-2019,SF1,Street Fighter
880,Alex,2.33,04-2019,SF3,Street Fighter III
881,Sagat,2.326,04-2019,SF1,Street Fighter
882,Chun-Li,2.323,04-2019,SF2,Street Fighter II
883,Sakura,2.316,04-2019,SFA2,Street Fighter Alpha
884,Juri,2.259,04-2019,SSF4,Street Fighter IV
885,Nash,2.216,04-2019,SFA,Street Fighter Alpha
886,Boxer,2.198,04-2019,SF2,Street Fighter II
887,Laura,2.142,04-2019,SF5,Street Fighter V
888,R. Mika,2.075,04-2019,SFA3,Street Fighter Alpha
889,Kolin,1.964,04-2019,SF3,Street Fighter III
890,Cody,1.867,04-2019,FF,Final Fight
891,Rashid,1.84,04-2019,SF5,Street Fighter V
892,Ed,1.833,04-2019,SF4,Street Fighter IV
893,Abigail,1.685,04-2019,FF,Final Fight
894,Necalli,1.659,04-2019,SF5,Street Fighter V
895,Claw,1.587,04-2019,SF2,Street Fighter II
896,Dhalsim,1.243,04-2019,SF2,Street Fighter II
897,Blanka,1.186,04-2019,SF2,Street Fighter II
898,Falke,1.168,04-2019,SF5S2,Street Fighter V
899,Menat,1.057,04-2019,SF5S2,Street Fighter V
900,F.A.N.G.,0.869,04-2019,SF5,Street Fighter V
901,Ryu,10.702,05-2019,SF1,Street Fighter
902,Akuma,8.811,05-2019,SF2T,Street Fighter II
903,Ken,6.783,05-2019,SF1,Street Fighter
904,Guile,4.672,05-2019,SF2,Street Fighter II
905,Karin,4.412,05-2019,SFA3,Street Fighter Alpha
906,Zangief,3.904,05-2019,SF2,Street Fighter II
907,Dictator,3.845,05-2019,SF2,Street Fighter II
908,Kage,3.719,05-2019,SF5S4,Street Fighter V
909,Cammy,3.474,05-2019,SF2NC,Street Fighter II
910,Zeku,2.578,05-2019,SFA2,Street Fighter Alpha
911,Urien,2.569,05-2019,SF3GI,Street Fighter III
912,Ibuki,2.497,05-2019,SF3,Street Fighter III
913,Sakura,2.354,05-2019,SFA2,Street Fighter Alpha
914,G,2.328,05-2019,SF5S3,Street Fighter V
915,Birdie,2.279,05-2019,SF1,Street Fighter
916,Nash,2.252,05-2019,SFA,Street Fighter Alpha
917,Juri,2.237,05-2019,SSF4,Street Fighter IV
918,Laura,2.231,05-2019,SF5,Street Fighter V
919,Chun-Li,2.212,05-2019,SF2,Street Fighter II
920,Alex,2.192,05-2019,SF3,Street Fighter III
921,Sagat,2.181,05-2019,SF1,Street Fighter
922,R. Mika,2.105,05-2019,SFA3,Street Fighter Alpha
923,Kolin,2.031,05-2019,SF3,Street Fighter III
924,Boxer,1.984,05-2019,SF2,Street Fighter II
925,Rashid,1.86,05-2019,SF5,Street Fighter V
926,Ed,1.765,05-2019,SF4,Street Fighter IV
927,Cody,1.752,05-2019,FF,Final Fight
928,Necalli,1.644,05-2019,SF5,Street Fighter V
929,Abigail,1.644,05-2019,FF,Final Fight
930,Claw,1.521,05-2019,SF2,Street Fighter II
931,Dhalsim,1.235,05-2019,SF2,Street Fighter II
932,Falke,1.215,05-2019,SF5S2,Street Fighter V
933,Blanka,1.138,05-2019,SF2,Street Fighter II
934,Menat,1.028,05-2019,SF5S2,Street Fighter V
935,F.A.N.G.,0.846,05-2019,SF5,Street Fighter V
936,Ryu,10.334,06-2019,SF1,Street Fighter
937,Akuma,8.967,06-2019,SF2T,Street Fighter II
938,Ken,6.638,06-2019,SF1,Street Fighter
939,Guile,4.896,06-2019,SF2,Street Fighter II
940,Karin,4.463,06-2019,SFA3,Street Fighter Alpha
941,Dictator,4.095,06-2019,SF2,Street Fighter II
942,Zangief,3.83,06-2019,SF2,Street Fighter II
943,Kage,3.494,06-2019,SF5S4,Street Fighter V
944,Cammy,3.306,06-2019,SF2NC,Street Fighter II
945,Urien,2.631,06-2019,SF3GI,Street Fighter III
946,Ibuki,2.544,06-2019,SF3,Street Fighter III
947,Sakura,2.511,06-2019,SFA2,Street Fighter Alpha
948,Sagat,2.41,06-2019,SF1,Street Fighter
949,Birdie,2.372,06-2019,SF1,Street Fighter
950,Laura,2.334,06-2019,SF5,Street Fighter V
951,Zeku,2.324,06-2019,SFA2,Street Fighter Alpha
952,Nash,2.265,06-2019,SFA,Street Fighter Alpha
953,Chun-Li,2.237,06-2019,SF2,Street Fighter II
954,Alex,2.236,06-2019,SF3,Street Fighter III
955,R. Mika,2.153,06-2019,SFA3,Street Fighter Alpha
956,G,2.141,06-2019,SF5S3,Street Fighter V
957,Juri,2.122,06-2019,SSF4,Street Fighter IV
958,Kolin,2.013,06-2019,SF3,Street Fighter III
959,Boxer,1.994,06-2019,SF2,Street Fighter II
960,Abigail,1.815,06-2019,FF,Final Fight
961,Rashid,1.791,06-2019,SF5,Street Fighter V
962,Necalli,1.748,06-2019,SF5,Street Fighter V
963,Cody,1.746,06-2019,FF,Final Fight
964,Ed,1.653,06-2019,SF4,Street Fighter IV
965,Claw,1.557,06-2019,SF2,Street Fighter II
966,Dhalsim,1.213,06-2019,SF2,Street Fighter II
967,Falke,1.205,06-2019,SF5S2,Street Fighter V
968,Blanka,1.105,06-2019,SF2,Street Fighter II
969,Menat,0.978,06-2019,SF5S2,Street Fighter V
970,F.A.N.G.,0.879,06-2019,SF5,Street Fighter V
971,Ryu,10.483,07-2019,SF1,Street Fighter
972,Akuma,9.095,07-2019,SF2T,Street Fighter II
973,Ken,6.669,07-2019,SF1,Street Fighter
974,Guile,5.049,07-2019,SF2,Street Fighter II
975,Karin,4.458,07-2019,SFA3,Street Fighter Alpha
976,Dictator,4.18,07-2019,SF2,Street Fighter II
977,Zangief,3.814,07-2019,SF2,Street Fighter II
978,Kage,3.468,07-2019,SF5S4,Street Fighter V
979,Cammy,3.298,07-2019,SF2NC,Street Fighter II
980,Ibuki,2.655,07-2019,SF3,Street Fighter III
981,Urien,2.644,07-2019,SF3GI,Street Fighter III
982,Sakura,2.437,07-2019,SFA2,Street Fighter Alpha
983,Sagat,2.357,07-2019,SF1,Street Fighter
984,Laura,2.311,07-2019,SF5,Street Fighter V
985,Birdie,2.248,07-2019,SF1,Street Fighter
986,Zeku,2.225,07-2019,SFA2,Street Fighter Alpha
987,Nash,2.179,07-2019,SFA,Street Fighter Alpha
988,Juri,2.174,07-2019,SSF4,Street Fighter IV
989,Alex,2.162,07-2019,SF3,Street Fighter III
990,Chun-Li,2.14,07-2019,SF2,Street Fighter II
991,G,2.134,07-2019,SF5S3,Street Fighter V
992,R. Mika,2.096,07-2019,SFA3,Street Fighter Alpha
993,Boxer,2.034,07-2019,SF2,Street Fighter II
994,Kolin,1.936,07-2019,SF3,Street Fighter III
995,Necalli,1.872,07-2019,SF5,Street Fighter V
996,Rashid,1.866,07-2019,SF5,Street Fighter V
997,Abigail,1.82,07-2019,FF,Final Fight
998,Cody,1.778,07-2019,FF,Final Fight
999,Ed,1.714,07-2019,SF4,Street Fighter IV
1000,Claw,1.503,07-2019,SF2,Street Fighter II
1001,Dhalsim,1.205,07-2019,SF2,Street Fighter II
1002,Blanka,1.096,07-2019,SF2,Street Fighter II
1003,Menat,1.054,07-2019,SF5S2,Street Fighter V
1004,Falke,1.02,07-2019,SF5S2,Street Fighter V
1005,F.A.N.G.,0.827,07-2019,SF5,Street Fighter V
1006,Lucia,9.113,08-2019,FF3,Final Fight
1007,Ryu,9.035,08-2019,SF1,Street Fighter
1008,Akuma,6.987,08-2019,SF2T,Street Fighter II
1009,Ken,5.71,08-2019,SF1,Street Fighter
1010,E. Honda,5.607,08-2019,SF2,Street Fighter II
1011,Poison,5.156,08-2019,FF,Final Fight
1012,Guile,3.802,08-2019,SF2,Street Fighter II
1013,Karin,3.405,08-2019,SFA3,Street Fighter Alpha
1014,Dictator,3.39,08-2019,SF2,Street Fighter II
1015,Zangief,3.191,08-2019,SF2,Street Fighter II
1016,Cammy,2.691,08-2019,SF2NC,Street Fighter II
1017,Kage,2.552,08-2019,SF5S4,Street Fighter V
1018,Sagat,2.125,08-2019,SF1,Street Fighter
1019,Ibuki,2.013,08-2019,SF3,Street Fighter III
1020,Urien,1.99,08-2019,SF3GI,Street Fighter III
1021,Sakura,1.909,08-2019,SFA2,Street Fighter Alpha
1022,Laura,1.844,08-2019,SF5,Street Fighter V
1023,Zeku,1.794,08-2019,SFA2,Street Fighter Alpha
1024,Chun-Li,1.757,08-2019,SF2,Street Fighter II
1025,Nash,1.719,08-2019,SFA,Street Fighter Alpha
1026,Birdie,1.709,08-2019,SF1,Street Fighter
1027,Juri,1.683,08-2019,SSF4,Street Fighter IV
1028,R. Mika,1.668,08-2019,SFA3,Street Fighter Alpha
1029,Alex,1.645,08-2019,SF3,Street Fighter III
1030,Rashid,1.641,08-2019,SF5,Street Fighter V
1031,G,1.601,08-2019,SF5S3,Street Fighter V
1032,Cody,1.586,08-2019,FF,Final Fight
1033,Boxer,1.535,08-2019,SF2,Street Fighter II
1034,Kolin,1.502,08-2019,SF3,Street Fighter III
1035,Necalli,1.405,08-2019,SF5,Street Fighter V
1036,Abigail,1.389,08-2019,FF,Final Fight
1037,Ed,1.37,08-2019,SF4,Street Fighter IV
1038,Claw,1.285,08-2019,SF2,Street Fighter II
1039,Dhalsim,0.939,08-2019,SF2,Street Fighter II
1040,Blanka,0.912,08-2019,SF2,Street Fighter II
1041,Falke,0.869,08-2019,SF5S2,Street Fighter V
1042,Menat,0.785,08-2019,SF5S2,Street Fighter V
1043,F.A.N.G.,0.686,08-2019,SF5,Street Fighter V
1044,Ryu,10.106,09-2019,SF1,Street Fighter
1045,Akuma,8.204,09-2019,SF2T,Street Fighter II
1046,Ken,6.274,09-2019,SF1,Street Fighter
1047,Guile,4.429,09-2019,SF2,Street Fighter II
1048,Lucia,4.138,09-2019,FF3,Final Fight
1049,Dictator,3.886,09-2019,SF2,Street Fighter II
1050,Karin,3.849,09-2019,SFA3,Street Fighter Alpha
1051,Zangief,3.655,09-2019,SF2,Street Fighter II
1052,Kage,3.025,09-2019,SF5S4,Street Fighter V
1053,E. Honda,2.948,09-2019,SF2,Street Fighter II
1054,Cammy,2.904,09-2019,SF2NC,Street Fighter II
1055,Poison,2.488,09-2019,FF,Final Fight
1056,Urien,2.422,09-2019,SF3GI,Street Fighter III
1057,Ibuki,2.281,09-2019,SF3,Street Fighter III
1058,Sagat,2.228,09-2019,SF1,Street Fighter
1059,Zeku,2.218,09-2019,SFA2,Street Fighter Alpha
1060,Laura,1.976,09-2019,SF5,Street Fighter V
1061,Chun-Li,1.967,09-2019,SF2,Street Fighter II
1062,Nash,1.939,09-2019,SFA,Street Fighter Alpha
1063,Kolin,1.923,09-2019,SF3,Street Fighter III
1064,Birdie,1.915,09-2019,SF1,Street Fighter
1065,G,1.889,09-2019,SF5S3,Street Fighter V
1066,Sakura,1.887,09-2019,SFA2,Street Fighter Alpha
1067,Alex,1.867,09-2019,SF3,Street Fighter III
1068,Rashid,1.863,09-2019,SF5,Street Fighter V
1069,Juri,1.814,09-2019,SSF4,Street Fighter IV
1070,Boxer,1.801,09-2019,SF2,Street Fighter II
1071,Abigail,1.716,09-2019,FF,Final Fight
1072,R. Mika,1.712,09-2019,SFA3,Street Fighter Alpha
1073,Cody,1.62,09-2019,FF,Final Fight
1074,Necalli,1.514,09-2019,SF5,Street Fighter V
1075,Ed,1.494,09-2019,SF4,Street Fighter IV
1076,Claw,1.457,09-2019,SF2,Street Fighter II
1077,Dhalsim,1.068,09-2019,SF2,Street Fighter II
1078,Blanka,1.035,09-2019,SF2,Street Fighter II
1079,Menat,0.869,09-2019,SF5S2,Street Fighter V
1080,Falke,0.853,09-2019,SF5S2,Street Fighter V
1081,F.A.N.G.,0.768,09-2019,SF5,Street Fighter V
1082,Ryu,10.098,10-2019,SF1,Street Fighter
1083,Akuma,8.597,10-2019,SF2T,Street Fighter II
1084,Ken,6.258,10-2019,SF1,Street Fighter
1085,Guile,4.468,10-2019,SF2,Street Fighter II
1086,Dictator,3.936,10-2019,SF2,Street Fighter II
1087,Karin,3.926,10-2019,SFA3,Street Fighter Alpha
1088,Zangief,3.88,10-2019,SF2,Street Fighter II
1089,Kage,3.512,10-2019,SF5S4,Street Fighter V
1090,Cammy,2.886,10-2019,SF2NC,Street Fighter II
1091,Lucia,2.633,10-2019,FF3,Final Fight
1092,Urien,2.624,10-2019,SF3GI,Street Fighter III
1093,Ibuki,2.413,10-2019,SF3,Street Fighter III
1094,Zeku,2.282,10-2019,SFA2,Street Fighter Alpha
1095,Kolin,2.146,10-2019,SF3,Street Fighter III
1096,Sagat,2.113,10-2019,SF1,Street Fighter
1097,Alex,2.064,10-2019,SF3,Street Fighter III
1098,Birdie,2.037,10-2019,SF1,Street Fighter
1099,E. Honda,2.035,10-2019,SF2,Street Fighter II
1100,Chun-Li,2.021,10-2019,SF2,Street Fighter II
1101,Laura,2,10-2019,SF5,Street Fighter V
1102,G,1.983,10-2019,SF5S3,Street Fighter V
1103,Nash,1.936,10-2019,SFA,Street Fighter Alpha
1104,Boxer,1.931,10-2019,SF2,Street Fighter II
1105,Juri,1.917,10-2019,SSF4,Street Fighter IV
1106,Rashid,1.903,10-2019,SF5,Street Fighter V
1107,R. Mika,1.899,10-2019,SFA3,Street Fighter Alpha
1108,Sakura,1.853,10-2019,SFA2,Street Fighter Alpha
1109,Poison,1.83,10-2019,FF,Final Fight
1110,Abigail,1.788,10-2019,FF,Final Fight
1111,Cody,1.628,10-2019,FF,Final Fight
1112,Necalli,1.622,10-2019,SF5,Street Fighter V
1113,Claw,1.541,10-2019,SF2,Street Fighter II
1114,Ed,1.483,10-2019,SF4,Street Fighter IV
1115,Dhalsim,1.138,10-2019,SF2,Street Fighter II
1116,Blanka,1.024,10-2019,SF2,Street Fighter II
1117,Menat,0.89,10-2019,SF5S2,Street Fighter V
1118,Falke,0.868,10-2019,SF5S2,Street Fighter V
1119,F.A.N.G.,0.834,10-2019,SF5,Street Fighter V
1120,Ryu,9.952,11-2019,SF1,Street Fighter
1121,Akuma,8.561,11-2019,SF2T,Street Fighter II
1122,Ken,6.263,11-2019,SF1,Street Fighter
1123,Guile,4.432,11-2019,SF2,Street Fighter II
1124,Dictator,3.981,11-2019,SF2,Street Fighter II
1125,Zangief,3.882,11-2019,SF2,Street Fighter II
1126,Karin,3.781,11-2019,SFA3,Street Fighter Alpha
1127,Kage,3.381,11-2019,SF5S4,Street Fighter V
1128,Cammy,3.006,11-2019,SF2NC,Street Fighter II
1129,Urien,2.787,11-2019,SF3GI,Street Fighter III
1130,Ibuki,2.404,11-2019,SF3,Street Fighter III
1131,Lucia,2.351,11-2019,FF3,Final Fight
1132,Zeku,2.345,11-2019,SFA2,Street Fighter Alpha
1133,Poison,2.241,11-2019,FF,Final Fight
1134,Sagat,2.211,11-2019,SF1,Street Fighter
1135,Chun-Li,2.151,11-2019,SF2,Street Fighter II
1136,G,2.122,11-2019,SF5S3,Street Fighter V
1137,Laura,2.109,11-2019,SF5,Street Fighter V
1138,Alex,2.056,11-2019,SF3,Street Fighter III
1139,Nash,2.021,11-2019,SFA,Street Fighter Alpha
1140,R. Mika,2.011,11-2019,SFA3,Street Fighter Alpha
1141,Kolin,2.003,11-2019,SF3,Street Fighter III
1142,Sakura,1.999,11-2019,SFA2,Street Fighter Alpha
1143,Birdie,1.985,11-2019,SF1,Street Fighter
1144,Juri,1.931,11-2019,SSF4,Street Fighter IV
1145,Rashid,1.912,11-2019,SF5,Street Fighter V
1146,Abigail,1.881,11-2019,FF,Final Fight
1147,Boxer,1.745,11-2019,SF2,Street Fighter II
1148,Cody,1.611,11-2019,FF,Final Fight
1149,E. Honda,1.57,11-2019,SF2,Street Fighter II
1150,Necalli,1.548,11-2019,SF5,Street Fighter V
1151,Ed,1.547,11-2019,SF4,Street Fighter IV
1152,Claw,1.538,11-2019,SF2,Street Fighter II
1153,Dhalsim,1.097,11-2019,SF2,Street Fighter II
1154,Blanka,1.049,11-2019,SF2,Street Fighter II
1155,Menat,0.894,11-2019,SF5S2,Street Fighter V
1156,Falke,0.864,11-2019,SF5S2,Street Fighter V
1157,F.A.N.G.,0.777,11-2019,SF5,Street Fighter V
1158,Ryu,9.925,12-2019,SF1,Street Fighter
1159,Akuma,6.243,12-2019,SF2T,Street Fighter II
1160,Ken,5.895,12-2019,SF1,Street Fighter
1161,Gill,4.532,12-2019,SF3,Street Fighter III
1162,Kage,4.205,12-2019,SF5S4,Street Fighter V
1163,Guile,4.092,12-2019,SF2,Street Fighter II
1164,Dictator,3.731,12-2019,SF2,Street Fighter II
1165,Zangief,3.568,12-2019,SF2,Street Fighter II
1166,Karin,3.03,12-2019,SFA3,Street Fighter Alpha
1167,Cammy,2.79,12-2019,SF2NC,Street Fighter II
1168,Urien,2.607,12-2019,SF3GI,Street Fighter III
1169,Chun-Li,2.576,12-2019,SF2,Street Fighter II
1170,Laura,2.468,12-2019,SF5,Street Fighter V
1171,Nash,2.254,12-2019,SFA,Street Fighter Alpha
1172,Alex,2.168,12-2019,SF3,Street Fighter III
1173,Sakura,2.129,12-2019,SFA2,Street Fighter Alpha
1174,Ibuki,2.109,12-2019,SF3,Street Fighter III
1175,Juri,2.096,12-2019,SSF4,Street Fighter IV
1176,Lucia,2.093,12-2019,FF3,Final Fight
1177,Ed,2.074,12-2019,SF4,Street Fighter IV
1178,Sagat,2.02,12-2019,SF1,Street Fighter
1179,G,2.011,12-2019,SF5S3,Street Fighter V
1180,Zeku,1.975,12-2019,SFA2,Street Fighter Alpha
1181,Kolin,1.904,12-2019,SF3,Street Fighter III
1182,Necalli,1.862,12-2019,SF5,Street Fighter V
1183,Abigail,1.82,12-2019,FF,Final Fight
1184,R. Mika,1.803,12-2019,SFA3,Street Fighter Alpha
1185,Boxer,1.769,12-2019,SF2,Street Fighter II
1186,Poison,1.745,12-2019,FF,Final Fight
1187,Cody,1.725,12-2019,FF,Final Fight
1188,Rashid,1.719,12-2019,SF5,Street Fighter V
1189,Claw,1.663,12-2019,SF2,Street Fighter II
1190,Birdie,1.395,12-2019,SF1,Street Fighter
1191,E. Honda,1.361,12-2019,SF2,Street Fighter II
1192,Falke,1.021,12-2019,SF5S2,Street Fighter V
1193,Blanka,1.005,12-2019,SF2,Street Fighter II
1194,Dhalsim,0.992,12-2019,SF2,Street Fighter II
1195,Menat,0.876,12-2019,SF5S2,Street Fighter V
1196,F.A.N.G.,0.75,12-2019,SF5,Street Fighter V
1197,Ryu,9.084,01-2020,SF1,Street Fighter
1198,Kage,7.277,01-2020,SF5S4,Street Fighter V
1199,Ken,5.697,01-2020,SF1,Street Fighter
1200,Akuma,5.308,01-2020,SF2T,Street Fighter II
1201,Gill,4.386,01-2020,SF3,Street Fighter III
1202,Guile,3.851,01-2020,SF2,Street Fighter II
1203,Dictator,3.48,01-2020,SF2,Street Fighter II
1204,Zangief,3.278,01-2020,SF2,Street Fighter II
1205,Chun-Li,3.101,01-2020,SF2,Street Fighter II
1206,Cammy,2.736,01-2020,SF2NC,Street Fighter II
1207,Urien,2.693,01-2020,SF3GI,Street Fighter III
1208,Karin,2.636,01-2020,SFA3,Street Fighter Alpha
1209,Laura,2.507,01-2020,SF5,Street Fighter V
1210,Abigail,2.302,01-2020,FF,Final Fight
1211,Nash,2.253,01-2020,SFA,Street Fighter Alpha
1212,Ed,2.244,01-2020,SF4,Street Fighter IV
1213,Sakura,2.211,01-2020,SFA2,Street Fighter Alpha
1214,Ibuki,2.143,01-2020,SF3,Street Fighter III
1215,Juri,2.065,01-2020,SSF4,Street Fighter IV
1216,Lucia,2.06,01-2020,FF3,Final Fight
1217,G,1.989,01-2020,SF5S3,Street Fighter V
1218,Alex,1.968,01-2020,SF3,Street Fighter III
1219,Sagat,1.902,01-2020,SF1,Street Fighter
1220,Necalli,1.864,01-2020,SF5,Street Fighter V
1221,Boxer,1.842,01-2020,SF2,Street Fighter II
1222,Zeku,1.827,01-2020,SFA2,Street Fighter Alpha
1223,Kolin,1.826,01-2020,SF3,Street Fighter III
1224,Cody,1.814,01-2020,FF,Final Fight
1225,Poison,1.795,01-2020,FF,Final Fight
1226,Claw,1.605,01-2020,SF2,Street Fighter II
1227,R. Mika,1.53,01-2020,SFA3,Street Fighter Alpha
1228,Rashid,1.514,01-2020,SF5,Street Fighter V
1229,E. Honda,1.434,01-2020,SF2,Street Fighter II
1230,Birdie,1.171,01-2020,SF1,Street Fighter
1231,Falke,1.038,01-2020,SF5S2,Street Fighter V
1232,Dhalsim,0.999,01-2020,SF2,Street Fighter II
1233,Blanka,0.988,01-2020,SF2,Street Fighter II
1234,Menat,0.916,01-2020,SF5S2,Street Fighter V
1235,F.A.N.G.,0.668,01-2020,SF5,Street Fighter V
1236,Seth,9.315,02-2020,SF4,Street Fighter IV
1237,Ryu,8.905,02-2020,SF1,Street Fighter
1238,Kage,5.69,02-2020,SF5S4,Street Fighter V
1239,Ken,5.688,02-2020,SF1,Street Fighter
1240,Akuma,5.134,02-2020,SF2T,Street Fighter II
1241,Guile,3.869,02-2020,SF2,Street Fighter II
1242,Zangief,3.265,02-2020,SF2,Street Fighter II
1243,Dictator,3.051,02-2020,SF2,Street Fighter II
1244,Gill,2.817,02-2020,SF3,Street Fighter III
1245,Cammy,2.776,02-2020,SF2NC,Street Fighter II
1246,Chun-Li,2.655,02-2020,SF2,Street Fighter II
1247,Sakura,2.514,02-2020,SFA2,Street Fighter Alpha
1248,Karin,2.393,02-2020,SFA3,Street Fighter Alpha
1249,Urien,2.317,02-2020,SF3GI,Street Fighter III
1250,Laura,2.255,02-2020,SF5,Street Fighter V
1251,Abigail,2.013,02-2020,FF,Final Fight
1252,Ed,1.974,02-2020,SF4,Street Fighter IV
1253,Nash,1.92,02-2020,SFA,Street Fighter Alpha
1254,Juri,1.861,02-2020,SSF4,Street Fighter IV
1255,G,1.84,02-2020,SF5S3,Street Fighter V
1256,Sagat,1.836,02-2020,SF1,Street Fighter
1257,Alex,1.779,02-2020,SF3,Street Fighter III
1258,Lucia,1.775,02-2020,FF3,Final Fight
1259,Ibuki,1.701,02-2020,SF3,Street Fighter III
1260,Boxer,1.624,02-2020,SF2,Street Fighter II
1261,Necalli,1.596,02-2020,SF5,Street Fighter V
1262,Kolin,1.578,02-2020,SF3,Street Fighter III
1263,Cody,1.568,02-2020,FF,Final Fight
1264,E. Honda,1.527,02-2020,SF2,Street Fighter II
1265,Claw,1.507,02-2020,SF2,Street Fighter II
1266,Zeku,1.499,02-2020,SFA2,Street Fighter Alpha
1267,R. Mika,1.479,02-2020,SFA3,Street Fighter Alpha
1268,Poison,1.415,02-2020,FF,Final Fight
1269,Rashid,1.291,02-2020,SF5,Street Fighter V
1270,Birdie,1.19,02-2020,SF1,Street Fighter
1271,Dhalsim,1.024,02-2020,SF2,Street Fighter II
1272,Blanka,0.984,02-2020,SF2,Street Fighter II
1273,Falke,0.883,02-2020,SF5S2,Street Fighter V
1274,Menat,0.861,02-2020,SF5S2,Street Fighter V
1275,F.A.N.G.,0.632,02-2020,SF5,Street Fighter V
1276,Ryu,9.715,03-2020,SF1,Street Fighter
1277,Ken,6.432,03-2020,SF1,Street Fighter
1278,Akuma,6.17,03-2020,SF2T,Street Fighter II
1279,Seth,5.752,03-2020,SF4,Street Fighter IV
1280,Kage,5.158,03-2020,SF5S4,Street Fighter V
1281,Guile,4.493,03-2020,SF2,Street Fighter II
1282,Zangief,3.531,03-2020,SF2,Street Fighter II
1283,Dictator,3.348,03-2020,SF2,Street Fighter II
1284,Cammy,2.77,03-2020,SF2NC,Street Fighter II
1285,Chun-Li,2.721,03-2020,SF2,Street Fighter II
1286,Gill,2.631,03-2020,SF3,Street Fighter III
1287,Karin,2.53,03-2020,SFA3,Street Fighter Alpha
1288,Urien,2.42,03-2020,SF3GI,Street Fighter III
1289,Sakura,2.352,03-2020,SFA2,Street Fighter Alpha
1290,Laura,2.152,03-2020,SF5,Street Fighter V
1291,Nash,2.048,03-2020,SFA,Street Fighter Alpha
1292,Abigail,2.022,03-2020,FF,Final Fight
1293,Sagat,1.989,03-2020,SF1,Street Fighter
1294,G,1.835,03-2020,SF5S3,Street Fighter V
1295,Alex,1.82,03-2020,SF3,Street Fighter III
1296,Ed,1.787,03-2020,SF4,Street Fighter IV
1297,Juri,1.754,03-2020,SSF4,Street Fighter IV
1298,Boxer,1.682,03-2020,SF2,Street Fighter II
1299,Zeku,1.664,03-2020,SFA2,Street Fighter Alpha
1300,Ibuki,1.652,03-2020,SF3,Street Fighter III
1301,Claw,1.639,03-2020,SF2,Street Fighter II
1302,E. Honda,1.591,03-2020,SF2,Street Fighter II
1303,Necalli,1.587,03-2020,SF5,Street Fighter V
1304,Kolin,1.586,03-2020,SF3,Street Fighter III
1305,R. Mika,1.578,03-2020,SFA3,Street Fighter Alpha
1306,Cody,1.562,03-2020,FF,Final Fight
1307,Lucia,1.479,03-2020,FF3,Final Fight
1308,Rashid,1.339,03-2020,SF5,Street Fighter V
1309,Birdie,1.258,03-2020,SF1,Street Fighter
1310,Poison,1.245,03-2020,FF,Final Fight
1311,Dhalsim,1.184,03-2020,SF2,Street Fighter II
1312,Blanka,1.086,03-2020,SF2,Street Fighter II
1313,Falke,0.879,03-2020,SF5S2,Street Fighter V
1314,Menat,0.815,03-2020,SF5S2,Street Fighter V
1315,F.A.N.G.,0.742,03-2020,SF5,Street Fighter V
1316,Ryu,9.951,04-2020,SF1,Street Fighter
1317,Ken,6.742,04-2020,SF1,Street Fighter
1318,Akuma,6.507,04-2020,SF2T,Street Fighter II
1319,Kage,5.999,04-2020,SF5S4,Street Fighter V
1320,Guile,4.601,04-2020,SF2,Street Fighter II
1321,Seth,3.668,04-2020,SF4,Street Fighter IV
1322,Zangief,3.535,04-2020,SF2,Street Fighter II
1323,Dictator,3.432,04-2020,SF2,Street Fighter II
1324,Cammy,2.803,04-2020,SF2NC,Street Fighter II
1325,Chun-Li,2.597,04-2020,SF2,Street Fighter II
1326,Urien,2.584,04-2020,SF3GI,Street Fighter III
1327,Karin,2.515,04-2020,SFA3,Street Fighter Alpha
1328,Gill,2.466,04-2020,SF3,Street Fighter III
1329,Sagat,2.195,04-2020,SF1,Street Fighter
1330,Sakura,2.152,04-2020,SFA2,Street Fighter Alpha
1331,Laura,2.126,04-2020,SF5,Street Fighter V
1332,Nash,2.076,04-2020,SFA,Street Fighter Alpha
1333,G,1.919,04-2020,SF5S3,Street Fighter V
1334,Abigail,1.912,04-2020,FF,Final Fight
1335,Ed,1.885,04-2020,SF4,Street Fighter IV
1336,Alex,1.843,04-2020,SF3,Street Fighter III
1337,Boxer,1.787,04-2020,SF2,Street Fighter II
1338,Juri,1.704,04-2020,SSF4,Street Fighter IV
1339,Zeku,1.697,04-2020,SFA2,Street Fighter Alpha
1340,Kolin,1.637,04-2020,SF3,Street Fighter III
1341,R. Mika,1.619,04-2020,SFA3,Street Fighter Alpha
1342,Cody,1.581,04-2020,FF,Final Fight
1343,Claw,1.579,04-2020,SF2,Street Fighter II
1344,Ibuki,1.579,04-2020,SF3,Street Fighter III
1345,Lucia,1.562,04-2020,FF3,Final Fight
1346,Necalli,1.56,04-2020,SF5,Street Fighter V
1347,E. Honda,1.516,04-2020,SF2,Street Fighter II
1348,Rashid,1.355,04-2020,SF5,Street Fighter V
1349,Birdie,1.319,04-2020,SF1,Street Fighter
1350,Poison,1.232,04-2020,FF,Final Fight
1351,Dhalsim,1.206,04-2020,SF2,Street Fighter II
1352,Blanka,1.12,04-2020,SF2,Street Fighter II
1353,Falke,0.884,04-2020,SF5S2,Street Fighter V
1354,Menat,0.848,04-2020,SF5S2,Street Fighter V
1355,F.A.N.G.,0.708,04-2020,SF5,Street Fighter V
1356,Ryu,9.644,05-2020,SF1,Street Fighter
1357,Akuma,6.654,05-2020,SF2T,Street Fighter II
1358,Ken,6.433,05-2020,SF1,Street Fighter
1359,Kage,5.626,05-2020,SF5S4,Street Fighter V
1360,Guile,4.447,05-2020,SF2,Street Fighter II
1361,Zangief,3.566,05-2020,SF2,Street Fighter II
1362,Dictator,3.461,05-2020,SF2,Street Fighter II
1363,Seth,3.31,05-2020,SF4,Street Fighter IV
1364,Urien,2.963,05-2020,SF3GI,Street Fighter III
1365,Cammy,2.905,05-2020,SF2NC,Street Fighter II
1366,Chun-Li,2.693,05-2020,SF2,Street Fighter II
1367,Karin,2.656,05-2020,SFA3,Street Fighter Alpha
1368,Gill,2.34,05-2020,SF3,Street Fighter III
1369,Sakura,2.276,05-2020,SFA2,Street Fighter Alpha
1370,Sagat,2.223,05-2020,SF1,Street Fighter
1371,Laura,2.221,05-2020,SF5,Street Fighter V
1372,Nash,1.968,05-2020,SFA,Street Fighter Alpha
1373,Ed,1.916,05-2020,SF4,Street Fighter IV
1374,Abigail,1.885,05-2020,FF,Final Fight
1375,Juri,1.871,05-2020,SSF4,Street Fighter IV
1376,Alex,1.812,05-2020,SF3,Street Fighter III
1377,G,1.803,05-2020,SF5S3,Street Fighter V
1378,Zeku,1.796,05-2020,SFA2,Street Fighter Alpha
1379,Boxer,1.78,05-2020,SF2,Street Fighter II
1380,Kolin,1.69,05-2020,SF3,Street Fighter III
1381,Cody,1.676,05-2020,FF,Final Fight
1382,R. Mika,1.628,05-2020,SFA3,Street Fighter Alpha
1383,Ibuki,1.627,05-2020,SF3,Street Fighter III
1384,Lucia,1.625,05-2020,FF3,Final Fight
1385,Necalli,1.613,05-2020,SF5,Street Fighter V
1386,Claw,1.559,05-2020,SF2,Street Fighter II
1387,Rashid,1.418,05-2020,SF5,Street Fighter V
1388,E. Honda,1.401,05-2020,SF2,Street Fighter II
1389,Poison,1.361,05-2020,FF,Final Fight
1390,Birdie,1.361,05-2020,SF1,Street Fighter
1391,Dhalsim,1.249,05-2020,SF2,Street Fighter II
1392,Blanka,1.086,05-2020,SF2,Street Fighter II
1393,Falke,0.933,05-2020,SF5S2,Street Fighter V
1394,Menat,0.841,05-2020,SF5S2,Street Fighter V
1395,F.A.N.G.,0.687,05-2020,SF5,Street Fighter V
1396,Ryu,9.752,06-2020,SF1,Street Fighter
1397,Akuma,6.555,06-2020,SF2T,Street Fighter II
1398,Ken,6.433,06-2020,SF1,Street Fighter
1399,Kage,4.819,06-2020,SF5S4,Street Fighter V
1400,Guile,4.435,06-2020,SF2,Street Fighter II
1401,Zangief,3.588,06-2020,SF2,Street Fighter II
1402,Dictator,3.373,06-2020,SF2,Street Fighter II
1403,Seth,3.252,06-2020,SF4,Street Fighter IV
1404,Urien,3.057,06-2020,SF3GI,Street Fighter III
1405,Cammy,2.97,06-2020,SF2NC,Street Fighter II
1406,Karin,2.764,06-2020,SFA3,Street Fighter Alpha
1407,Chun-Li,2.715,06-2020,SF2,Street Fighter II
1408,Sakura,2.38,06-2020,SFA2,Street Fighter Alpha
1409,Laura,2.299,06-2020,SF5,Street Fighter V
1410,Gill,2.214,06-2020,SF3,Street Fighter III
1411,Sagat,2.109,06-2020,SF1,Street Fighter
1412,Nash,1.913,06-2020,SFA,Street Fighter Alpha
1413,Juri,1.913,06-2020,SSF4,Street Fighter IV
1414,Abigail,1.901,06-2020,FF,Final Fight
1415,Ed,1.899,06-2020,SF4,Street Fighter IV
1416,Zeku,1.857,06-2020,SFA2,Street Fighter Alpha
1417,Boxer,1.836,06-2020,SF2,Street Fighter II
1418,Alex,1.812,06-2020,SF3,Street Fighter III
1419,Ibuki,1.789,06-2020,SF3,Street Fighter III
1420,G,1.783,06-2020,SF5S3,Street Fighter V
1421,Kolin,1.775,06-2020,SF3,Street Fighter III
1422,Claw,1.737,06-2020,SF2,Street Fighter II
1423,Cody,1.711,06-2020,FF,Final Fight
1424,Necalli,1.585,06-2020,SF5,Street Fighter V
1425,Lucia,1.581,06-2020,FF3,Final Fight
1426,Poison,1.57,06-2020,FF,Final Fight
1427,R. Mika,1.562,06-2020,SFA3,Street Fighter Alpha
1428,E. Honda,1.424,06-2020,SF2,Street Fighter II
1429,Rashid,1.421,06-2020,SF5,Street Fighter V
1430,Birdie,1.384,06-2020,SF1,Street Fighter
1431,Dhalsim,1.182,06-2020,SF2,Street Fighter II
1432,Blanka,1.077,06-2020,SF2,Street Fighter II
1433,Falke,0.931,06-2020,SF5S2,Street Fighter V
1434,Menat,0.905,06-2020,SF5S2,Street Fighter V
1435,F.A.N.G.,0.734,06-2020,SF5,Street Fighter V
